[
 {
  "condition": [
   "通用"
  ],
  "dosage": [
   "口服"
  ]
 },
 {
  "condition": [
   "高血压"
  ],
  "dosage": [
   "每日100~200mg"
  ]
 },
 {
  "condition": [
   "急性心肌梗死",
   "早期"
  ],
  "dosage": [
   "静脉注射",
   "一次2.5-5mg",
   "每5分钟一次共3次"
  ]
 },
 {
  "condition": [
   "不稳定性心绞痛",
   "早期"
  ],
  "dosage": [
   "静脉注射",
   "一次2.5-5mg",
   "每5分钟一次共3次"
  ]
 },
 {
  "condition": [
   "心肌梗死",
   "后期"
  ],
  "dosage": [
   "一次50~100mg",
   "一日2次"
  ]
 },
 {
  "condition": [
   "高血压",
   "心绞痛",
   "心律失常",
   "肥厚型心肌病",
   "甲状腺功能亢进"
  ],
  "dosage": [
   "一次25~50mg",
   "一日2~3次"
  ]
 },
 {
  "condition": [
   "心力衰竭"
  ],
  "dosage": [
   "一次6.25mg",
   "一日2~3次"
  ]
 }
]