[
 {
  "condition": [
   "成人"
  ],
  "dosage": [
   "静脉滴注",
   "一次250~500ml",
   "24小时内不超过1000～1500ml"
  ]
 },
 {
  "condition": [
   "婴儿"
  ],
  "dosage": [
   "5ml/kg"
  ]
 },
 {
  "condition": [
   "儿童"
  ],
  "dosage": [
   "10ml/kg"
  ]
 },
 {
  "condition": [
   "休克"
  ],
  "dosage": [
   "20~40ml/分"
  ]
 },
 {
  "condition": [
   "预防术后血栓形成"
  ],
  "dosage": [
   "术中或术后给予500ml"
  ]
 },
 {
  "condition": [
   "血管栓塞性疾病"
  ],
  "dosage": [
   "缓慢静滴",
   "每次250~500ml",
   "每日或隔日一次"
  ]
 }
]