[
 {
  "condition": [
   "成人",
   "慢性肾衰竭和骨质疏松症"
  ],
  "dosage": [
   "1日1次",
   "口服",
   "0.5-1.0ug"
  ]
 },
 {
  "condition": [
   "成人",
   "甲状腺旁机能低减症"
  ],
  "dosage": [
   "1日1次",
   "口服",
   "1.0-4.0ug"
  ]
 },
 {
  "condition": [
   "小儿",
   "骨质疏松症"
  ],
  "dosage": [
   "1日1次",
   "口服",
   "0.01-0.03ug/kg"
  ]
 },
 {
  "condition": [
   "其它疾病"
  ],
  "dosage": [
   "1日1次",
   "口服",
   "0.05-0.1ug/kg"
  ]
 }
]