[
 {
  "condition": [
   "开始以本品治疗时"
  ],
  "dosage": [
   "口服",
   "最小剂量"
  ]
 },
 {
  "condition": [
   "绝经后和老年性骨质疏松"
  ],
  "dosage": [
   "口服",
   "每次1粒",
   "每日二次"
  ]
 },
 {
  "condition": [
   "肾性骨营养不良"
  ],
  "dosage": [
   "起始阶段每日剂量为1粒,每隔2~4周将本品的每日用量增加1粒"
  ]
 },
 {
  "condition": [
   "甲状旁腺功能低下和佝偻病"
  ],
  "dosage": [
   "每日0.25ug",
   "晨服",
   "每隔2~4周增加剂量"
  ]
 },
 {
  "condition": [
   "老年患者"
  ],
  "dosage": [
   "无需特殊剂量"
  ]
 },
 {
  "condition": [
   "婴儿及儿童"
  ],
  "dosage": [
   "测定血钙水平的基础上确定每日最佳剂量"
  ]
 },
 {
  "condition": [
   "2岁以内的儿童"
  ],
  "dosage": [
   "每日参考剂量为0.01-0.1ug/kg体重"
  ]
 }
]