[
 {
  "condition": [
   "通用"
  ],
  "dosage": [
   "外用"
  ]
 },
 {
  "condition": [
   "牛皮藓"
  ],
  "dosage": [
   "1%甲氧沙林溶液",
   "涂擦,长波紫外线照射患处",
   "每日1次"
  ]
 },
 {
  "condition": [
   "白癜风"
  ],
  "dosage": [
   "0.1%甲氧沙林溶液",
   "涂擦，长波紫外线照射患处",
   "每日1次"
  ]
 },
 {
  "condition": [
   "全身性或弥散性患者"
  ],
  "dosage": [
   "0.1%甲氧沙林溶液",
   "涂擦，黑光机照射治疗",
   "每日1次"
  ]
 },
 {
  "condition": [
   "局限性白癜风或初起的白癜风患者"
  ],
  "dosage": [
   "涂擦药液，照射紫外线"
  ]
 }
]