[
 {
  "condition": [
   "抗菌及抗寄生虫感然",
   "成人",
   "第一日"
  ],
  "dosage": [
   "100mg",
   "每12小时一次"
  ]
 },
 {
  "condition": [
   "抗菌及抗寄生虫感然",
   "成人",
   "第一日以后"
  ],
  "dosage": [
   "100~200mg",
   "一日1次"
  ]
 },
 {
  "condition": [
   "淋病奈瑟菌性尿道炎和宫颈炎"
  ],
  "dosage": [
   "一次100mg",
   "每12小时1次，共7日"
  ]
 },
 {
  "condition": [
   "淋病奈瑟菌性尿道炎，由沙眼衣原体或解脲脲原体引起者，以及沙眼衣原体所致的单纯性尿道炎、宫颈炎或直肠感染"
  ],
  "dosage": [
   "一次100mg",
   "一日2次，至少7日"
  ]
 },
 {
  "condition": [
   "梅毒"
  ],
  "dosage": [
   "一次150mg",
   "每12小时1次，至少10日"
  ]
 }
]