[
 {
  "condition": [
   "成人",
   "肺炎、尿路感染、妇科感染例如子宫内膜炎、皮肤及附属器感染"
  ],
  "dosage": [
   "0.5g/次",
   "每8小时一次"
  ]
 },
 {
  "condition": [
   "成人",
   "获得性肺炎、腹膜炎、推定有感染的中性粒细胞减低患者及败血症"
  ],
  "dosage": [
   "1g/次",
   "每8小时一次"
  ]
 },
 {
  "condition": [
   "成人",
   "脑膜炎"
  ],
  "dosage": [
   "2g/次",
   "每8小时一次"
  ]
 },
 {
  "condition": [
   "肌酐清除率小于50ml/min的严重肾功能障碍的患者"
  ],
  "dosage": [
   "采取减少给药剂量或延长给药间隔等措施"
  ]
 },
 {
  "condition": [
   "伴肝功能不全的成人患者"
  ],
  "dosage": [
   "无需调整剂量安排"
  ]
 },
 {
  "condition": [
   "肾功能正常或肌酐清除率大于等于50ml/min的老年患者无需调整"
  ],
  "dosage": [
   "无需调整剂量安排"
  ]
 },
 {
  "condition": [
   "3个月至12岁的儿童"
  ],
  "dosage": [
   "每次10-20mg/kg",
   "每8小时一次"
  ]
 },
 {
  "condition": [
   "儿童",
   "脑膜炎"
  ],
  "dosage": [
   "每次40mg/kg",
   "每8小时一次"
  ]
 },
 {
  "condition": [
   "体重大于50kg的儿童",
   "脑膜炎"
  ],
  "dosage": [
   "2g/次",
   "每8小时一次"
  ]
 }
]