[
 {
  "condition": [
   "成人"
  ],
  "dosage": [
   "口服给药",
   "一次0.25~0.5g",
   "一日4次"
  ]
 },
 {
  "condition": [
   "肝性脑病的辅助治疗"
  ],
  "dosage": [
   "一次0.5~1g",
   "每6小时1次",
   "疗程5~6天"
  ]
 },
 {
  "condition": [
   "结肠手术前准备"
  ],
  "dosage": [
   "每小时0.5g，连用4次，继以每4小时0.5g，共24小时"
  ]
 },
 {
  "condition": [
   "儿童"
  ],
  "dosage": [
   "一日25~50mg/kg,分4次服用"
  ]
 }
]