[
 {
  "condition": [
   "成人"
  ],
  "dosage": [
   "肌内注射或稀释后静脉滴注",
   "一次80mg或按体重一次1-1.7mg/kg",
   "每8小时1次,疗程为7-14日"
  ]
 },
 {
  "condition": [
   "成人"
  ],
  "dosage": [
   "肌内注射或稀释后静脉滴注",
   "一次5mg/kg",
   "每24小时1次,疗程为7-14日"
  ]
 },
 {
  "condition": [
   "小儿"
  ],
  "dosage": [
   "肌内注射或稀释后静脉滴注",
   "一次2.5mg/kg",
   "每12小时1次,疗程为7-14日"
  ]
 },
 {
  "condition": [
   "小儿"
  ],
  "dosage": [
   "肌内注射或稀释后静脉滴注",
   "一次1.7mg/kg",
   "每8小时1次,疗程为7-14日"
  ]
 },
 {
  "condition": [
   "成人",
   "鞘内及脑室内给药"
  ],
  "dosage": [
   "一次4-8mg",
   "每2-3日一次"
  ]
 },
 {
  "condition": [
   "小儿",
   "鞘内及脑室内给药"
  ],
  "dosage": [
   "一次1-2mg",
   "每2-3日一次"
  ]
 },
 {
  "condition": [
   "肾功能衰退患者"
  ],
  "dosage": [
   "一次的正常剂量为1-1.7mg/kg",
   "每8小时1次"
  ]
 },
 {
  "condition": [
   "血液透析后",
   "成人"
  ],
  "dosage": [
   "一次补给剂量1-1.7mg/kg"
  ]
 },
 {
  "condition": [
   "血液透析后",
   "小儿"
  ],
  "dosage": [
   "一次补给2-2.5mg/kg"
  ]
 }
]