[
 {
  "condition": [
   "通用"
  ],
  "dosage": [
   "麻醉用"
  ]
 },
 {
  "condition": [
   "成人"
  ],
  "dosage": [
   "表面麻醉",
   "2%~4%溶液",
   "一次不超过100mg"
  ]
 },
 {
  "condition": [
   "成人"
  ],
  "dosage": [
   "注射给药",
   "一次量不超过4.5mg/kg"
  ]
 },
 {
  "condition": [
   "成人",
   "骶管阻滞用于分娩镇痛"
  ],
  "dosage": [
   "1.0%溶液",
   "200mg为限"
  ]
 },
 {
  "condition": [
   "成人",
   "硬脊膜外阻滞"
  ],
  "dosage": [
   "1.5%~2.0%溶液",
   "250~300mg"
  ]
 },
 {
  "condition": [
   "成人",
   "浸润麻醉或静注区域阻滞"
  ],
  "dosage": [
   "0.25%~0.5%溶液",
   "50~300mg"
  ]
 },
 {
  "condition": [
   "成人",
   "外周神经阻滞"
  ],
  "dosage": [
   "1.5%溶液",
   "250~300mg"
  ]
 },
 {
  "condition": [
   "成人",
   "牙科"
  ],
  "dosage": [
   "2%溶液",
   "20~100mg"
  ]
 },
 {
  "condition": [
   "成人",
   "肋间神经"
  ],
  "dosage": [
   "1%溶液",
   "30mg,300mg为限"
  ]
 },
 {
  "condition": [
   "成人",
   "宫颈旁浸润"
  ],
  "dosage": [
   "0.5%~1.0%溶液",
   "左右侧各100mg"
  ]
 },
 {
  "condition": [
   "成人",
   "椎旁脊神经阻滞"
  ],
  "dosage": [
   "1.0%溶液",
   "30~50mg"
  ]
 },
 {
  "condition": [
   "成人",
   "阴部神经"
  ],
  "dosage": [
   "0.5%~1.0%溶液",
   "左右侧各100mg"
  ]
 },
 {
  "condition": [
   "成人",
   "交感神经节阻滞"
  ],
  "dosage": [
   "1.0%溶液",
   "50mg"
  ]
 },
 {
  "condition": [
   "成人",
   "腰麻"
  ],
  "dosage": [
   "1.0%溶液",
   "50~100mg"
  ]
 },
 {
  "condition": [
   "小儿"
  ],
  "dosage": [
   "不得超过4.0~4.5mg/kg",
   "0.25%~0.5%溶液"
  ]
 },
 {
  "condition": [
   "小儿",
   "抗心律失常"
  ],
  "dosage": [
   "静脉注射",
   "1~1.5mg/kg体重"
  ]
 },
 {
  "condition": [
   "小儿",
   "抗心律失常"
  ],
  "dosage": [
   "静脉滴注",
   "5%葡萄糖注射液配成1~4mg/ml药液滴注"
  ]
 }
]