[
 {
  "condition": [
   "硬膜外阻滞"
  ],
  "dosage": [
   "0.15%~0.3%溶液",
   "一次常用量为40~50mg"
  ]
 },
 {
  "condition": [
   "蛛网膜下腔阻滞"
  ],
  "dosage": [
   "混合液",
   "一次常用量为10mg"
  ]
 },
 {
  "condition": [
   "神经传导阻滞"
  ],
  "dosage": [
   "0.1%~0.2%溶液",
   "一次常用量为40~50mg"
  ]
 },
 {
  "condition": [
   "粘膜表面麻醉"
  ],
  "dosage": [
   "1%溶液"
  ]
 },
 {
  "condition": [
   "眼科"
  ],
  "dosage": [
   "1%等渗溶液"
  ]
 },
 {
  "condition": [
   "耳鼻喉科"
  ],
  "dosage": [
   "1-2%溶液",
   "一次限量为40mg"
  ]
 }
]