[
 {
  "condition": [
   "通用"
  ],
  "dosage": [
   "外用，插管、镜检或手术前用",
   "一次2-5g"
  ]
 },
 {
  "condition": [
   "胃镜检查或食管扩张"
  ],
  "dosage": [
   "滴于患者舌根处",
   "2g"
  ]
 },
 {
  "condition": [
   "喉或声带检查"
  ],
  "dosage": [
   "滴于患者舌根处",
   "2g"
  ]
 },
 {
  "condition": [
   "妇科阴道检查"
  ],
  "dosage": [
   "挤入本品",
   "3g"
  ]
 },
 {
  "condition": [
   "人工流产"
  ],
  "dosage": [
   "挤在宫颈口"
  ]
 },
 {
  "condition": [
   "直肠镜检"
  ],
  "dosage": [
   "插入肛门",
   "3g"
  ]
 },
 {
  "condition": [
   "肛门或肛裂"
  ],
  "dosage": [
   "涂在肛门上"
  ]
 }
]